category_name,promedio_precio,total_activos
Juguetes,296.143125,16
Deportes,287.3275,12
Ropa,276.02000000000004,11
Hogar,259.27500000000003,16
Libros,238.02142857142857,14
Alimentos,197.58499999999998,10
