category_id,promedio_precio
1,266.92333333333335
2,259.27500000000003
3,287.3275
4,274.7353846153846
5,307.2923529411765
6,241.53933333333333
7,310.4375
